" The customer does not exist in the system anymore."," Клиентът вече не съществува в системата."
" [deleted]","  [изтрит]"
" and ","  и  "
" note that the URLs provided below are the correct values for your current website): "," сnote that the URLs provided below are the correct values for your current website): "
"%s (Default Template from Locale)","%s (Шаблон по подразбиране от локализацията)"
"%s cache type(s) disabled.","кеш тип %s е деактивиран."
"%s cache type(s) enabled.","кеш тип %s е активиран."
"%s cache type(s) refreshed.","кеш тип %s е обновен."
"(For Type ""Local Server"" need to use relative path to Magento install var/export or var/import, e.g. var/export, var/import, var/export/some/dir, var/import/some/dir)","(For Type ""Local Server"" need to use relative path to Magento install var/export or var/import, e.g. var/export, var/import, var/export/some/dir, var/import/some/dir)"
"(For US 2-letter state names)","(За US 2-буквени имена на щатите)"
"(If left empty will be auto-generated)","(Aко полето е оставено празно ще бъде автоматично генерирано)"
"(Leave empty for first spreadsheet)","(Празно за първа електронна таблица)"
"(Products will be added/updated to this store if 'store' column is blank or missing in the import file.)","(Продуктите ще бъдат добавени/обновени към този магазин ако колона 'магазин' е празна или липсва във файла за импорт.)"
"(Shift-)Click or drag to change value","(Shift-)Клик и издърпване за смяна на стойност"
"(Starting with)","(Започва с)"
"(When 'No', only mapped fields will be imported. When mapping, use 'column1', 'column2', etc.)","(Когато е 'Не', само свързаните(mapped) полетата ще бъдат импортирани. Когато свързвате, използвайте 'колона1', 'колона2' и т.н.)"
"(You have to increase php memory_limit before changing this value)","(Трябва да увеличите PHP memory_limit преди да промените тази стойност)"
"(\\t for tab)","(\\t за табулация)"
"* - If indexing is in progress, it will be killed and new indexing process will start.","* - Ако се извършва текущо индексиране, то ще бъде прекъснато и ще бъде започнат нов индексиращ процес."
"- Click on any of the time parts to increase it","- Клик върху която и да е част от времето за увеличаването и"
"- Hold mouse button on any of the above buttons for faster selection.","- Задръжте бутона на мишката върху който и да е от бутоните по-горе за бърз избор."
"- Use the %s buttons to select month","- Използвайте бутони %s за избор на месец"
"- Use the %s, %s buttons to select year","- Използвайте бутони %s, %s за избор на година"
"- or Shift-click to decrease it","- или Shift-клик за намаляването и"
"- or click and drag for faster selection.","- или клик и издърпване за бърз избор."
"-- Not Selected --","-- Не е избрано --"
"-- Please Select --","-- Моля изберете --"
"-- Please Select Billing Agreement--","-- Моля изберете споразумение за плащане --"
"-- Please Select a Category --","-- Моля изберете категория --"
"-- Please select --","-- Моля изберете --"
"--Please Select--","-- Моля изберете --"
"1 Hour","1 час"
"12 Hours","12 часа"
"12h AM/PM","12ч AM/PM"
"2 Hours","2 часа"
"24 Hours","24 часа"
"24h","24ч"
"2YTD","2YTD"
"6 Hours","6 часа"
"<h1 class=""page-heading"">404 Error</h1><p>Page not found.</p>","<h1 class="page-heading">Грешка 404</h1><p>Страницата не е намерена.</p>"
"A user with the same user name or email aleady exists.","Потребител със същото потребителско име или имейл вече съществува."
"API Key","API Ключ"
"API Key Confirmation","Потвърждаване на API Ключ"
"ASCII","ASCII"
"Abandoned Carts","Изоставени колички"
"About the calendar","За календара"
"Access Denied","Забранен достъп"
"Access denied","Забранен достъп"
"Access denied.","Забранен достъп."
"Account Created in:","Профилът е създаден в:"
"Account Created on (%s):","Профилът е създаден на (%s):"
"Account Created on:","Профилът е създаден на:"
"Account Information","Информация за профил"
"Account Status","Статус на профила"
"Account status","Статус на профила"
"Action","Действие"
"Actions","Действия"
"Actions XML","XML Действия"
"Active","Активно"
"Add","Добави"
"Add Exception","Добави изключение"
"Add Field Mapping","Добави присъединяване на поле"
"Add Field with URL:","Добавяне на поле с URL:"
"Add New","Добави нов"
"Add New Image","Добави нова картинка"
"Add New Profile","Добави нов профил"
"Add New Role","Добавяне на нова Роля"
"Add New Template","Добавяне на нов шаблон"
"Add New URL Rewrite","Добави ново URL презаписване"
"Add New User","Добавяне на нов Потребител"
"Add New Variable","Добави нова променлива"
"Add URL Rewrite","Добави URL Презаписване"
"Add URL Rewrite for a Category","Добави URL Презаписване за категория"
"Add URL Rewrite for a Product","Добави URL Презаписване за продукт"
"Add after","Добави след"
"Additional Cache Management","Допълнително управление на Кеш"
"Address Type:","Вид адрес:"
"Admin","Админ"
"Advanced Admin Section","Разширена Админ секция"
"Advanced Profiles","Разширени профили"
"Advanced Section","Разширена секция"
"All","Всичко"
"All Allowed Countries","Всички разрешени държави"
"All Cache","Всичко то Кеш"
"All Files","Всички файлове"
"All Reviews","Всички мнения"
"All Store Views","Всички изгледи за магазин"
"All Tags","Всички кл. думи"
"All Websites","Всички уебсайтове"
"All countries","Всички държави"
"All fields","Всички полета"
"All possible rates were fetched, please click on ""Save"" to apply","Всички възможни оценки са обработени, натиснете "Запази" за да ги приложите"
"All rates were fetched, please click on ""Save"" to apply","Всички оценки са обработени, натиснете "Запази" за да ги приложите"
"All valid rates have been saved.","Всички валидни оценки са обработени"
"Amounts","Суми"
"An error has occured while syncronizing media storages.","An error has occured while syncronizing media storages."
"An error occurred while clearing the JavaScript/CSS cache.","Грешка при изчистването на JavaScript/CSS кеша."
"An error occurred while clearing the image cache.","Грешка при изчистването на кеша за картинки."
"An error occurred while creating the backup.","Грешка при създаването на backup."
"An error occurred while deleting URL Rewrite.","An error occurred while deleting URL Rewrite."
"An error occurred while deleting email template data. Please review log and try again.","Грешка при изтриването на имейл шаблони. Моля прегледайте лог файловете и опитайте отново."
"An error occurred while deleting record(s).","An error occurred while deleting record(s)."
"An error occurred while deleting this role.","Грешка при изтриването на тази роля."
"An error occurred while deleting this set.","Грешка при изтриването на тази група."
"An error occurred while deleting this template.","Грешка при изтриването на този шаблон."
"An error occurred while finishing process. Please refresh the cache","Грешка при завършването на процеса. Моля актуализирайте кеша"
"An error occurred while rebuilding the CatalogInventory Stock Status.","Грешка при създаването отново на инвентарен статус CatalogInventory."
"An error occurred while rebuilding the catalog index.","Грешка при създаването отново на каталог индекса."
"An error occurred while rebuilding the flat catalog category.","Грешка при създаването отново на опростен каталог на категории."
"An error occurred while rebuilding the flat product catalog.","Грешка при създаването отново на опростен  каталог на продукти."
"An error occurred while rebuilding the search index.","Грешка при създаването отново на индекса за търсене."
"An error occurred while refreshing the Catalog Rewrites.","Грешка при обновяването на Каталог Презаписите."
"An error occurred while refreshing the Layered Navigation indices.","Грешка при обновяването на индексите на Филтър Навигацията."
"An error occurred while refreshing the catalog rewrites.","Грешка при обновяването на каталог крезаписите."
"An error occurred while refreshing the layered navigation indices.","Грешка при обновяването на индексите на Филтър Навигацията."
"An error occurred while saving URL Rewrite.","An error occurred while saving URL Rewrite."
"An error occurred while saving account.","Грешка при записването на профил."
"An error occurred while saving review.","An error occurred while saving review."
"An error occurred while saving the customer.","An error occurred while saving the customer."
"An error occurred while saving this configuration:","Грешка при записването на тази конфигурация:"
"An error occurred while saving this role.","Грешка при записването на тази роля."
"An error occurred while saving this template.","Грешка при записването на този шаблон."
"An error occurred while updating the selected review(s).","Грешка при обновяването на избраните мнения."
"Any","Всяко"
"Any Attribute Set","Всяка група атрибути"
"Any Group","Всяка група"
"Any Status","Всеки статус"
"Any Store","Всеки магазин"
"Any Type","всеки тип"
"Any Visibility","Всяка видимост"
"Archive file name:","Име на архива:"
"Are you sure that you want to delete this template?","Сигурен ли сте, че искате да изтриете този шаблон?"
"Are you sure that you want to strip tags?","Сигурни ли сте, че искате да скъсите(изрежете) таговете?"
"Are you sure you want to do this?","Сигурен ли сте, че искате да направите това?"
"Area","Област"
"As low as:","Най-ниска цена:"
"Assigned","Присъединено"
"Associated Tags","Асоциирани ключови думи"
"Attribute Set Name:","Име на Атрибут група:"
"Attributes","Атрибути"
"Automatic","Automatic"
"Average Order Amount","Средна сума на доставките"
"Average Orders","Средно доставки"
"BINARY","BINARY"
"Back","Обратно"
"Back to Login","Назад към Вход"
"Backup","Системен архив"
"Backup record was deleted.","Записа на системен архив е изтрит."
"Backups","Архиви"
"Base currency","Базова валута"
"Bcc","Bcc"
"Bestsellers","Най-продавани"
"Billing Address","Адрес за плащане"
"Billing Address: ","Адрес за плащане: "
"Billing Agreement","Споразумение за плащане"
"Billing Agreements","Споразумения за плащане"
"Block Information","Информация за блок"
"Both (without and with tax)","И двете (с и без такса)"
"Both IPN and PDT","И двете IPN и PDT"
"Browse Files...","Разлисти файлове...""
"Bundle with dynamic pricing cannot include custom defined options. Options will not be saved.","Пакет с динамично ценообразуване не може да включва дефинирани от потребителя опции. Опциите няма да бъдат запазени."
"CMS","CMS"
"CRITICAL","КРИТИЧНО"
"CSV","CSV"
"CSV / Tab separated","CSV / разделени с табулация"
"Cache Control","Кеш контрол"
"Cache Control (beta)","Кеш контрол (бета)"
"Cache Management","Cache Management"
"Cache Type","Тип кеш"
"Cancel","Отказ"
"Cannot add new comment.","Невъзможно е добавянето на нов коментар."
"Cannot add tracking number.","Невъзможно е добавянето на номер за проследяване."
"Cannot create an invoice without products.","Невъзможно е създаването на фактура без продукти."
"Cannot create credit memo for the order.","Невъзможно е създаването на кредитно известие за поръчката."
"Cannot delete the design change.","Невъзможно е изтриването на промяната в дизайна."
"Cannot delete tracking number.","Невъзможно е изтриването на номер за проследяване."
"Cannot do shipment for the order separately from invoice.","Невъзможно е да се направи доставка за поръчка отделно от фактура."
"Cannot do shipment for the order.","Невъзможно е да се направи доставка за поръчката."
"Cannot initialize shipment for adding tracking number.","Невъзможно е инициализирането на доставка за добавяне на номер за проследяване."
"Cannot initialize shipment for delete tracking number.","Невъзможно е инициализирането на доставка за изтриване на номер за проследяване."
"Cannot load track with retrieving identifier.","Невъзможно е зареждането на проследяване с извличане на идентификатор."
"Cannot retrieve tracking number detail.","Невъзможно е извличането на детайл за проследяващ номер."
"Cannot save a new password.","Новата парола не може да бъде съхранена."
"Cannot save shipment.","Невъзможно е записването на доставка."
"Cannot save the credit memo.","Cannot save the credit memo."
"Cannot send shipment information.","Невъзможно е изпращането на информация за доставка."
"Cannot update item quantity.","Невъзможно е актуализирането на количеството за продукт."
"Cannot update the item\'s quantity.","Невъзможно е актуализирането на количеството на продукта."
"Card Verification Number","Card Verification Number"
"Catalog","Каталог"
"Catalog Price Rules","Правила за Каталожна цена"
"Catalog Rewrites","Презаписани URL на каталога"
"Categories","Категории"
"Category:","Категория:"
"Chart is disabled. If you want to enable chart, click <a href=""%s"">here</a>.","Chart is disabled. If you want to enable chart, click <a href=""%s"">here</a>."
"Checkbox","Отметка"
"Child Transactions","Под-транзакции"
"Choose Store View","Избор на изглед за магазин"
"Choose an attribute","Избери атрибут"
"Chosen category does not associated with any website, so url rewrite is not possible.","Chosen category does not associated with any website, so url rewrite is not possible."
"Chosen product does not associated with any website, so url rewrite is not possible.","Chosen product does not associated with any website, so url rewrite is not possible."
"Clear","Изчисти"
"Close","Затвори"
"Comment text field cannot be empty.","Полето за коментар не може да е празно."
"Complete","Приключено"
"Configuration","Конфигурация"
"Confirm New Password","Потвърди новата парола"
"Confirmed email:","Потвърден имейл:"
"Connect with the Magento Community","Свързване с Magento Общността"
"Continue","Продължи"
"Convert to Plain Text","Конвертирай в чист текст"
"Cookie (unsafe)","Cookie (ниска сигурност)"
"Country","Държава"
"Country:","Държава:"
"Coupons","Ваучери"
"Create","Създай"
"Create DB Backup","Създай архивно копие на БД"
"Create New Attribute","Създай нов атрибут"
"Create URL Rewrite:","Създай URL презаписване:"
"Created At","Създадено на"
"Credit Card %s","Credit Card %s"
"Credit Card Number","Credit Card Number"
"Credit Card Number: xxxx-%s","Номер на кредитна карта: xxxx-%s"
"Credit Card Type","Credit Card Type"
"Credit Card Type: %s","Вид на кредитна карта: %s"
"Credit Memo History","Хронология по кредитни известия"
"Credit Memo Totals","Суми по кредитни известия"
"Credit Memos","Кредитни известия"
"Credit memo #%s comment added","Добавен е коментар към кредитно известие #%s"
"Credit memo #%s created","Кредитно известие #%s е създадено"
"Credit memo\'s total must be positive.","Сумата за кредитно известие трябва да е положително число."
"Currency","Валута"
"Currency Information","Информация за валута"
"Currency Setup Section","Секция Контрол на валута"
"Current Configuration Scope:","Текущ обхват на конфигурация:"
"Current Month","Текущ месец"
"Custom","Различно"
"Custom Variable ""%s""","Потребителска променлива ""%s"""
"Custom Variables","Други променливи"
"Customer","Клиент"
"Customer Group:","Клиентска група:"
"Customer Groups","Клиентски групи"
"Customer Name","Име на клиента"
"Customer Reviews","Мнения на клиенти"
"Customer Shopping Carts","Клиентски пазарски колички"
"Customer Since:","Клиент от:"
"Customer Tax Classes","Данъчни класове на клиент"
"Customer with the same email already exists.","Клиент със същия имейл вече съществува."
"Customers","Клиенти"
"Customers by Number of Orders","Клиенти по брой поръчки"
"Customers by Orders Total","Клиенти по суми на поръчки"
"DHTML Date/Time Selector","Инструмент за избор на Дата/Време"
"Dashboard","Табло"
"Data Format","Формат на данни"
"Data transfer:","Трансфер на данни:"
"Database","База данни"
"Dataflow - Advanced Profiles","Dataflow - Advanced Profiles"
"Dataflow - Profiles","Dataflow - Profiles"
"Date","Дата"
"Date & Time","Дата & Време"
"Date Added","Дата на добавяне"
"Date Updated","Дата на обновяване"
"Date selection:","Избор на дата:"
"Date selector","Инструмент за избор на дата"
"Day","Ден"
"Decimal separator:","Разделител за деситични дроби:"
"Default (Admin) Values","(Администратор) Стойности по подразбиране"
"Default Billing Address","Адрес за плащане по подразбиране"
"Default Config","Конфигурация по подразбиране"
"Default Template from Locale","Шаблон по подразбиране от Locale"
"Default Values","Стойности по подразбиране"
"Default display currency ""%s"" is not available in allowed currencies.","Основната валута за показване ""%s"" не е налична в позволените валути."
"Default scope","Обхват по подразбиране"
"Delete","Изтрий"
"Delete %s","Изтрий %s"
"Delete %s '%s'","Изтрий %s '%s'"
"Delete File","Изтрий файл"
"Delete Image","Изтрий изображението"
"Delete Profile","Изтрий профил"
"Delete Role","Изтрий роля"
"Delete Store","Изтрий магазин"
"Delete Store View","Изтрий изглед на магазин"
"Delete Template","Изтрий шаблон"
"Delete User","Изтрий потребител"
"Delete Website","Изтрий уебсайт"
"Description","Описание"
"Design","Дизайн"
"Design Section","Секция дизайн"
"Details","Детайли"
"Developer Section","Секция Разработчици"
"Direction:","Посока:"
"Disable","Деактивирай"
"Disabled","Неактивно"
"Display %s first","Покажи първо %s"
"Display default currency","Покажи основната валута"
"Distributed under GNU LGPL. See %s for details.","Разпространено под GNU LGPL. Вижте %s за повече информация."
"Do not enable AVS or CSC options.  The do not work when using Payflow Link Silent Mode.","Do not enable AVS or CSC options.  The do not work when using Payflow Link Silent Mode."
"Do not set any fields in the Billing and Shipping Information block as editable in your Payflow account.","Do not set any fields in the Billing and Shipping Information block as editable in your Payflow account."
"Do you really want to KILL parallel process and start new indexing process?","Искате ли наистина да СПРЕТЕ паралелния процес и да стартирате нов индексиращ процес?"
"Download","Изтегляне"
"Downloads","Изтегляния"
"Drag to move","Издърпайте за преместване"
"Drop-down","Падащо меню"
"Edit","Редактирай"
"Edit Design Change","Редактирай промяна на дизайн"
"Edit Email Template","Редактирай шаблон на имейл"
"Edit Poll","Редактирай анкета"
"Edit Queue","Редактирай задачи"
"Edit Review","Редактирай мнение"
"Edit Role","Редакция на роля"
"Edit Store View","Редактирай изглед на магазин"
"Edit System Template","Редактирай системен шаблон"
"Edit Template","Редактирай шаблон"
"Edit URL Rewrite","Редактирай URL презаписване"
"Edit User","Редактирай потребител"
"Edit User '%s'","Редакция на потребител '%s'"
"Edit Website","Редактирай уебсайт"
"Email","Имейл"
"Email Address:","Имейл:"
"Email Preview","Преглед на имейл"
"Email to a Friend","Изпрати на приятел"
"Email:","Имейл:"
"Enable","Включи"
"Enable Secure Token:","Enable Secure Token:"
"Enabled","Активиран"
"Enclose Values In:","Обгради стойностите в:"
"Entity Attributes","Entity Attributes"
"Entity Type","Тип обект"
"Entity type:","Тип на обекта:"
"Error","Грешка:"
"Error URL: ","Error URL: "
"Excel XML","Excel XML"
"Excl. Tax","Без данък"
"Expiration Date","Дата на изтичане"
"Expiration Date: %s/%s","Дата на изтичане: %s/%s"
"Export","Експорт"
"Export CSV","Експорт в CSV"
"Export Filters","Експортиране на филтри"
"Export to:","Експортирай в:"
"Export:","Експорт:"
"FTP Host[:Port]","FTP Host[:Port]"
"Failed to add a product to cart by id ""%s"".","Неуспешно добавяне на продукт към количката по ID ""%s""."
"Failed to cancel the billing agreement.","Неуспешен отказ на споразумение за плащане."
"Failed to clear the JavaScript/CSS cache.","Неуспешно е изчистването на JavaScript/CSS кеша."
"Failed to delete the billing agreement.","Неуспешно е изтриването на споразумението за разплащане."
"Failed to update the profile.","Неуспешно обновяване на профила."
"Field","Поле"
"Field Mapping","Свързване на полета"
"File","Файл"
"File Information","Информация за файла"
"File System","Файлова система"
"File mode","File mode"
"File name:","Име на файла:"
"File size should be more than 0 bytes","Големината на файла трябва да е повече от 0 байта"
"Finished profile execution.","Изпълнението на профила завършено."
"First Invoice Created Date","Дата на създаване на първа фактура"
"First Name","Име"
"First Name is required field.","Собствено име е задължително поле."
"First Name:","Собствено име:"
"Fixed","Фиксирано"
"Flush Catalog Images Cache","Изчисти кеш на картинките от каталога"
"Flush JavaScript/CSS Cache","Изчисти JavaScript/CSS кеш"
"For category","За категория"
"For latest version visit: %s","За последна версия посетете: %s"
"For product","За продукт"
"Forgot Admin Password","Forgot Admin Password"
"Forgot your password?","Забравена парола?"
"Forgot your user name or password?","Забравено потребителско име или парола?"
"From","От"
"GLOBAL","ГЛОБАЛНИ"
"Gb","Gb"
"General Information","Основна информация"
"General Section","Основна секция"
"Get Image Base64","Вземи Base64 енкодирана картинка"
"Get help for this page","Помощ за тази страница"
"Global Attribute","Глобални атрибути"
"Global Record Search","Търсене във всички записи"
"Global Search","Глобално търсене"
"Go Today","Отиди на днес"
"Go to messages inbox","Go to messages inbox"
"Go to notifications","Go to notifications"
"Google Base","Гугъл Base"
"Google Content","Google Content"
"Google Sitemaps","Google Sitemaps"
"Grand Total","Общо"
"Grid (default) / List","Таблично (по подразбиране) / Списък"
"Grid Only","Само Таблично"
"Group:","Група:"
"Guest","Гост"
"HTTP (unsecure)","HTTP (ниска сигурност)"
"HTTPS (SSL)","HTTPS (SSL)"
"Help Us Keep Magento Healthy - Report All Bugs","Помогни за стабилността на Magento - Докладвай всички проблеми"
"Helper attributes should not be used in custom layout updates.","Helper attributes should not be used in custom layout updates."
"Helper for options rendering doesn't implement required interface.","Helper for options rendering doesn't implement required interface."
"Home","Начало"
"ID","ID"
"ID Path","ID път"
"IP Address","IP адрес"
"IPN (Instant Payment Notification) Only","Само IPN (Instant Payment Notification)"
"If there is an account associated with %s you will receive an email with a link to reset your password.","Ако съществува профил асоцииран с %s ще получите имейл с линк за промяна на праолата"
"If this message persists, please contact the store owner.","Ако продължавате да виждате това съобщение, моля свържете се със собственика на магазина."
"If your Magento instance is used for multiple websites, you must configure a separate Payflow Link account for each website.","If your Magento instance is used for multiple websites, you must configure a separate Payflow Link account for each website."
"Images (.gif, .jpg, .png)","Картинки (.gif, .jpg, .png)"
"Images Cache","Кеш на картинки"
"Import","Импорт"
"Import Service","Импорт на услуга"
"Import and Export","Импорт и Експорт"
"Import and Export Tax Rates","Импорт и Експорт данъчни норми"
"Import/Export","Import/Export"
"Import/Export Advanced","Разширен Импорт/Експорт"
"Import/Export Profile","Импорт/Експорт профил"
"Important: ","Important: "
"Imported <strong>%s</strong> records","Импортирани са <strong>%s</strong> записа"
"In","В"
"In Database:","В база данни:"
"In File:","Във файл:"
"Inactive","Неактивно"
"Incl. Tax","С вкл. данък"
"Incoming Message","Входящо съобщение"
"Insert Variable...","Вмъкни променлива..."
"Interactive","Интерактивно"
"Interface Locale: %s","Регион на интерфейса: %s"
"Invalid Form Key. Please refresh the page.","Невалиден ключ на форма. Моля, презаредете страницата."
"Invalid Import Service Specified","Определен е невалидна импорт услуга"
"Invalid POST data (please check post_max_size and upload_max_filesize settings in your php.ini file).","Невалидни POST данни (моля проверете настройките post_max_size и upload_max_filesize във вашия php.ini файл)."
"Invalid Secret Key. Please refresh the page.","Невалиден Таен ключ. Моля, презаредете страницата."
"Invalid Username or Password.","Невалидни Потребителско име или Парола."
"Invalid directory: %s","Невалидна директория: %s"
"Invalid email address ""%s"".","Невалиден имейл адрес ""%s""."
"Invalid file: %s","Невалиден файл: %s"
"Invalid input data for %s => %s rate","Невалидни входящи данни за %s => %s норма"
"Invalid parent block for this block","Невалиден по-горен блок за този блок"
"Invalid parent block for this block.","Невалиден по-горен блок за този блок."
"Invalid password reset token.","Невалиден ключ за промяна на паролата."
"Invalid sender name ""%s"". Please use only visible characters and spaces.","Невалидно име на подател ""%s"". Моля използвайте само видими символи и празно място."
"Invalid timezone","Invalid timezone"
"Invalidated","Маркирано невалидно"
"Inventory Stock Status","Ннвентарен статус"
"Invoice #%s comment added","Коментар за фактура #%s е добавен"
"Invoice #%s created","Фактура #%s е създадена"
"Invoice History","Хронология на фактури"
"Invoice Totals","Суми по фактури"
"Invoice canceling error.","Грешка при отказ на фактура."
"Invoice capturing error.","Грешка при прихващане на фактура."
"Invoice voiding error.","Грешка при обяваване на фактура за невалидна."
"Invoices","Фактури"
"Is Closed","Е затворено"
"Issue Number","Issue Number"
"Items","Артикули"
"JavaScript/CSS","JavaScript/CSS"
"JavaScript/CSS Cache","JavaScript/CSS Кеш"
"Kb","Kb"
"Last 24 Hours","Последни 24 часа"
"Last 5 Orders","Последни 5 поръчки"
"Last 5 Search Terms","Последни 5 критерия за търсене"
"Last 7 Days","Последни 7 дни"
"Last Credit Memo Created Date","Последна дата на създаване на кредитно известие"
"Last Invoice Created Date","Последна дата на създаване на фактура"
"Last Logged In (%s):","Последно влизане (%s):"
"Last Logged In:","Последно влизане:"
"Last Name","Фамилия"
"Last Name is required field.","Фамилия е задължително поле."
"Last Name:","Фамилия:"
"Last updated: %s. To refresh last day\'s <a href=""%s"">statistics</a>, click <a href=""%s"">here</a>.","Последно актуализирано: %s. За актуализация на <a href=""%s"">статистиките</a> от последните дни, кликнете <a href=""%s"">тук</a>."
"Latest Message:","Последно съобщение:"
"Layered Navigation Indices","Индекси за Филтър Навигация"
"Layered Navigation Indices were refreshed.","Индекисте за Филтър навигацията бях актуализирани."
"Leave empty to use tax identifier","Празно за използване на данъчен идентификатор"
"Lifetime Sales","Всички продажби"
"Lifetime statistics have been updated.","Статистиките за всички продажби бяха актуализирани."
"Links","Връзки"
"Links with associated products will retain only after saving current product.","Връзките към асоциирани продукти ще се запазят само след записване на текущия продукт."
"List (default) / Grid","Списък (по подразбиране) / Табличен изглед"
"List Only","Само списък"
"Load Template","Зареждане на щаблон"
"Load default template","Зареди шаблон по подразбиране"
"Loading...","Зареждане..."
"Local Server","Локален сървър"
"Local/Remote Server","Локален/Отдалечен сървър"
"Locale","Регион"
"Log Out","Изход"
"Log in to Admin Panel","Вход в Административен панел"
"Log into Magento Admin Page","Вход в Magento страница за администрация"
"Logged in as %s","Влезнал като %s"
"Login","Вход"
"Low Stock","Ниска наличност"
"MAJOR","МАЖОРНО"
"MINOR","МИНОРНО"
"MS Excel XML","MS Excel XML"
"Magento Admin","Magento Админ"
"Magento Commerce - Administrative Panel","Magento Commerce - Административен панел"
"Magento Connect","Magento Connect"
"Magento Connect Manager","Magento Connect Manager"
"Magento Logo","Magento лого"
"Magento is a trademark of Magento Inc. Copyright &copy; %s Magento Inc.","Magento е търговска марка на Magento Inc. Авторско право &copy; %s Magento Inc."
"Magento ver. %s","Magento версия %s"
"Magento&trade; is a trademark of Magento Inc.<br/>Copyright &copy; %s Magento Inc.","Magento&trade; е търговска марка на Magento Inc.<br/>Авторско право &copy; %s Magento Inc."
"Make sure that data encoding in the file is consistent and saved in one of supported encodings (UTF-8 or ANSI).","Убедете се че енкодирането на данните във файла е консистентно и е записано в един от поддържаните енкодинг формати (UTF-8 или ANSI)."
"Manage Attribute Sets","Управление на Атрибут групи"
"Manage Attributes","Управление на атрибути"
"Manage Categories","Управление на Категории"
"Manage Content","Управление на съдържание"
"Manage Currency Rates","Управление на валутни ставки"
"Manage Customers","Управление на клиенти"
"Manage Ratings","Управление на гласувания"
"Manage Stores","Управление на Магазини"
"Manage Tax Rules","Управление данъчни правила"
"Manage Tax Zones and Rates","Управление на данъчни зони и ставки"
"Manual","Manual"
"Matched Expression","Съвпадение на фраза"
"Mb","Mb"
"Media (.avi, .flv, .swf)","Медия (.avi, .flv, .swf)"
"Media storages synchronization has completed!","Media storages synchronization has completed!"
"Messages Inbox","Входящи съобщения"
"Month","Месец"
"Most Viewed","Най-преглеждани"
"Most Viewed Products","Най-преглеждани продукти"
"Multiple Select","Множествен избор"
"My Account","Моят профил"
"N/A","не е налично"
"NOTICE","ЗАБЕЛЕЖКА"
"Name","Име"
"Name on Card","Name on Card"
"Name on the Card: %s","Име от картата: %s"
"Name:","Име:"
"New ","Нов "
"New API Key","Нов API ключ"
"New Accounts","Нови профили"
"New Attribute","Нов атрибут"
"New Block","Нов блок"
"New Category","Нова категория"
"New Class","Нов клас"
"New Condition","Ново условие"
"New Custom Variable","Нова потребителска променлива"
"New Customer","Нов клиент"
"New Customers","Нови клиенти"
"New Design Change","Нова промяна в дизайна"
"New Email Template","Нов имейл шаблон"
"New Group","Нова група"
"New Invoice","Нова фактура"
"New Item Type","Нов тип артикул"
"New Memo","Нова бележка"
"New Memo for #%s","Нова бележка за #%s"
"New Page","Нова страница"
"New Password","Нова парола"
"New Poll","Нова анкета"
"New Profile","Нов профил"
"New Rate","Нова ставка"
"New Rating","Нов рейтинг"
"New Review","Ново мнение"
"New Role","Нова роля"
"New Rule","Ново правило"
"New Search","Ново търсене"
"New Set","Нова група"
"New Shipment","Нова доставка"
"New Sitemap","Нова карта на сайта"
"New Store View","Нов изглед на магазин"
"New System Template","Нов системен шаблон"
"New Tag","Нова кл. дума"
"New Template","Нов шаблон"
"New User","Нов потребител"
"New Variable","Нова променлива"
"New Website","Нов уебсайт"
"New attribute set mapping","New attribute set mapping"
"New password field cannot be empty.","Полето за нова парола не може дабъде празно"
"Newsletter","Бюлетин"
"Newsletter Problems","Порблеми с имейл списък"
"Newsletter Queue","Задачи за бюлетини"
"Newsletter Subscribers","Абонати за бюлетин"
"Newsletter Templates","Шаблони за бюлетин"
"Next month (hold for menu)","Следващ месец (задръжте за меню)"
"Next year (hold for menu)","Следваща година (задръжте за меню)"
"No","Не"
"No (price without tax)","Не (цена без данък)"
"No Data Found","Няма намерена информация"
"No Templates Found","Не са намерени шаблони"
"No change","Без промяна"
"No customer id defined.","No customer id defined."
"No information available.","Няма налична инфоемация."
"No profile loaded...","Не е зареден профил..."
"No records found for this period.","Не са намерени записи за този период."
"No records found.","Няма намерена информация."
"No report code specified.","Не е определен код на справка."
"No search keywords.","Липсват ключови думи за търсене."
"No search modules were registered","Не бяха регистрирани модули за търсене"
"No wishlist item id defined.","No wishlist item id defined."
"None","Няма"
"Note:","Бележка:"
"Notes","Бележки"
"Notifications","Известия"
"Number of Orders","Брой поръчки"
"Number of Uses","Брой използвания"
"Number of records:","Брой записи:"
"Old rate:","Стара ставка:"
"On my website","On my website"
"Once you log into your Payflow Link account, navigate to the Service Settings - Hosted Checkout Pages - Set Up menu and set the options described below","Once you log into your Payflow Link account, navigate to the Service Settings - Hosted Checkout Pages - Set Up menu and set the options described below"
"One or more media files failed to be synchronized during the media storages syncronization process. Refer to the log file for details.","One or more media files failed to be synchronized during the media storages syncronization process. Refer to the log file for details."
"One or more of the Cache Types are invalidated:","Един или повече видове кеш са невалидни:"
"Online Customers","Онлайн Клиенти"
"Only attributes with scope ""Global"", input type ""Dropdown"" and Use To Create Configurable Product ""Yes"" are available.","Налични са само атрибути с обхват "Глобален", от тип "Падащо меню" и стойност за "Използвай за създаване на конфигуриран продукт" - "Да"."
"Only mapped fields","Само свързани полета"
"Optional","Незадължително"
"Options","Опции"
"Order","Поръчка"
"Order #%s","Поръчка №%s"
"Order #%s (%s)","Поръчка #%s (%s)"
"Order Created Date","Дата на създаване на поръчка"
"Order ID","Поръчка ID"
"Order Totals","Суми на поръчка"
"Order Updated Date","Дата на обновяване на поръчка"
"Order Updated Date report is real-time, does not need statistics refreshing.","Справка за Дата на обновяване на поръчка се извършва в реално време, не е необходимо обновяване на статистиките."
"Orders","Поръчки"
"Original Magento attribute names in first row:","Оригинални Magento имена на атрибути в първи ред:"
"Out of stock","Не е в наличност"
"PDT (Payment Data Transfer) Only","Само PDT (Payment Data Transfer)"
"Package Extensions","Package Extensions"
"Pages","Страници"
"Parent Product Thumbnail","Изображение за изглед на главен продукт"
"Parent Transaction ID","ID на главна транзакция"
"Passive mode","Пасивен режим"
"Password","Парола"
"Password Confirmation","Потвърждение на парола"
"Password confirmation must be same as password.","Стойността на поле Потвърждение на парола трябва да се същата като паролата."
"Password must be at least of %d characters.","Паролата трябва да съдържа минимум %d символа."
"Password must include both numeric and alphabetic characters.","Паролата трябва да съдържа и числови и буквени символи."
"Password:","Парола:"
"Path:","Път:"
"Payment method instance is not available.","Не е наличен обект за метода за разплащане."
"Payment method is not available.","Не е наличен метод за разплащане."
"Payment method must be specified.","Необходимо е определянето на метод за разплащане."
"Pending Reviews","Мнения в изчакване"
"Pending Tags","Кл. думи в изчакване"
"Per Item","За продукт"
"Per Order","За поръчка"
"Percent","Процент"
"Performed At","Извършено на"
"Period","Период"
"Permanent (301)","Перманентно (301)"
"Permissions","Права"
"Personal Information","Лична информация"
"Phone:","Телефон:"
"Please Select","Моля, изберете"
"Please confirm site switching. All data that hasn\'t been saved will be lost.","Моля потвърдете смяната на сайт. Несъхранената информация ще бъде загубена."
"Please enter 6 or more characters.","Моля въведете 6 или повече символа."
"Please enter a number greater than 0 in this field.","Моля въведете число по-голямо от нула в това поле."
"Please enter a valid $ amount. For example $100.00.","Моля въведете валидна доларова ($) сума. Например $100.00."
"Please enter a valid URL. For example http://www.example.com or www.example.com","Моля въведете валиден интернет адрес. Например http://www.example.com or www.example.com"
"Please enter a valid URL. http:// is required","Моля въведете валиден интернет адрес. http:// е задължително"
"Please enter a valid credit card number.","Моля въведете валиден номер на кредитна карта."
"Please enter a valid date.","Моля въведете валидна дата."
"Please enter a valid email address. For example johndoe@domain.com.","Моля, въведете валиден e-mail адрес. Например: johndoe@domain.com"
"Please enter a valid email.","Моля въведете валиден имейл."
"Please enter a valid number in this field.","Моля въведете валидно число в полето."
"Please enter a valid phone number. For example (123) 456-7890 or 123-456-7890.","Моля въведете валиден телефонен номер. Например (123) 456-7890 or 123-456-7890."
"Please enter a valid social security number. For example 123-45-6789.","Моля въведете валиден номер на социална осигуровка. Например 123-45-6789."
"Please enter a valid value from list","Моля, въведете валидна стойност от списък"
"Please enter a valid value, ex: 10,20,30","Моля, въведете валидна стойност, напр.: 10,20,30"
"Please enter a valid zip code.","Моля въведете валиден пощенски код."
"Please enter a valid zip code. For example 90602 or 90602-1234.","Моля въведете валиден пощенски код. Например 90602 или 90602-1234."
"Please enter another credit card number to complete your purchase.","Please enter another credit card number to complete your purchase."
"Please enter valid password.","Моля въведете валидна парола."
"Please make sure that all global admin search modules are installed and activated.","Моля уверете се, че всички глобални админ модули за търсене са инсталирани и активни."
"Please make sure that your changes were saved before running the profile.","Моля уверете се, че вашите промени са записани преди стартиране на профила."
"Please make sure your passwords match.","Please make sure your passwords match."
"Please navigate to <strong>Hosted Checkout Pages - Customize</strong> menu and select Layout C.","Please navigate to <strong>Hosted Checkout Pages - Customize</strong> menu and select Layout C."
"Please select State/Province.","Моля изберете Щат/Област."
"Please select a customer.","Моля изберете клиент."
"Please select a store.","Моля изберете магазин."
"Please select an option.","Моля изберете опция."
"Please select catalog searches.","Моля изберете каталог търсения."
"Please select customer(s).","Моля изберете клиент(и)."
"Please select message(s).","Please select message(s)."
"Please select one of the above options.","Моля изберете една от опциите по-горе."
"Please select one of the options.","Моля изберете една от опциите."
"Please select review(s).","Моля изберете мнение/мения."
"Please select tag(s).","Моля изберете ключова дума/ключови думи."
"Please specify at least start or end date.","Моля определете минимум начална или крайна дата."
"Please specify the admin custom URL.","Моля определете URL за администрация."
"Please try to logout and sign in again.","Моля опитайте да излезнете и влезнете отново в системата."
"Please use in this field only ""a-z,0-9,_"".","Моля, използвайте само "a-z,0-9,_" в това поле."
"Please use letters only (a-z) in this field.","Моля използвайте само букви (a-z) в това поле."
"Please use numbers only in this field. Please avoid spaces or other characters such as dots or commas.","Моля използвайте само числа в това поле. Моля избягвайте използването на дргуи символи като празни места, точки или запетайки."
"Please use only letters (a-z) or numbers (0-9) only in this field. No spaces or other characters are allowed.","Моля използвайте само букви (a-z) или числа (0-9) в това поле. Не са разрешени празни места или други символи.""
"Please use only letters (a-z) or numbers (0-9) or spaces and # only in this field.","Моля използвайте само букви (a-z), или числа (0-9), или празни места и # в това поле."
"Please use this date format: dd/mm/yyyy. For example 17/03/2006 for the 17th of March, 2006.","Моля използвайте следния формат за дата: dd/mm/yyyy. Например 17/03/2006 за 17ти март, 2006."
"Please wait while the indexes are being refreshed.","Моля изчакайте докато се обновяват индексите."
"Please wait, loading...","Моля изчакайте, зареждане..."
"Please wait...","Моля изчакайте..."
"Please, add some answers to this poll first.","Моля първо добавете отговори към тази анкета."
"Please, select ""Visible in Stores"" for this poll first.","Моля изберете първо "Видимо в магазините" за тази анкета."
"Poll Manager","Управление на анкети"
"Polls","Анкети"
"Popular","Популярно"
"Position of Watermark for %s","Позиция на Воден знак за %s"
"Pregenerated product images files.","Пре-генерирани картинки за продукт."
"Prev. month (hold for menu)","Пред. месец (задръжте за меню)"
"Prev. year (hold for menu)","Пред. година (задръжте за меню)"
"Preview","Преглед"
"Preview Template","Преглед на шаблон"
"Price alert subscription was saved.","Абонамент за известия за Цени беше записан."
"Price:","Цена:"
"Processed <strong>%s%% %s/%d</strong> records","Обработени <strong>%s%% %s/%d</strong> записа"
"Product","Продукт"
"Product Reviews","Мнения за продукт"
"Product Tax Classes","Продуктови данъчни класове"
"Product Thumbnail Itself","Изображение за преглед на самия продукт"
"Product is not loaded.","Product is not loaded."
"Product:","Продукт:"
"Products","Продукти"
"Products Bestsellers Report","Справка за най-продавани продукти"
"Products Ordered","Поръчани продукти"
"Products in Carts","Продукти в пазарски колички"
"Profile Action","Профил действие"
"Profile Actions XML","Профил действиея XML"
"Profile Direction","Профил направление"
"Profile History","Профил хронология"
"Profile Information","Профил информация"
"Profile Name","Профил име"
"Profile Payments","Профил плащания"
"Profile Schedule","Профил график"
"Profile Wizard","Профил Помощник"
"Profiles","Профили"
"Promo","Промоция"
"Promotions","Промоции"
"Purchased Item","Закупен артикул"
"Quantity","Количество"
"Queue Refresh","Добави задача за актуализиране"
"Queued... Cancel","В Изчакващи... Отказ"
"Radio Buttons","Радио бутони"
"Rates","Ставки"
"Read details","Прочети всичко"
"Rebuild","Пресъздай отново"
"Rebuild Catalog Index","Пресъздай отново Каталог индекс"
"Rebuild Flat Catalog Category","Пресъздай отново индекс на опростени категории"
"Rebuild Flat Catalog Product","Пресъздай отново индекс на опростени продукти"
"Recent Orders","Последни поръчки"
"Recent statistics have been updated.","Последните статистики бяха обновени."
"Recurring Profile View","Изглед на Повторяем Профил"
"Recursive Dir","Рекурсивни директории"
"Redirect","Пренасочване"
"Reference","Референция"
"Reference ID","Референтен ID"
"Refresh","Опресни"
"Refresh Now*","Обнови сега*"
"Refresh Statistics","Опресни статистики"
"Region/State","Област/Щат"
"Regular Price:","Редовна цена:"
"Release","Система"
"Release Stability","Стабилност на системата"
"Release Version","Версия на системата"
"Remote FTP","Отдалечен FTP"
"Remove","Премахни"
"Reports","Справки"
"Request Path","Request Path"
"Required","Задължително"
"Required settings","Required settings"
"Reset","Отмени"
"Reset Filter","Нулирай филтър"
"Reset Password","Reset Password"
"Reset a Password","Смени парола"
"Resize","Преоразмери"
"Resource Access","Достъп до ресурси"
"Resources","Ресурси"
"Results","Резултати"
"Retrieve Password","Получи парола"
"Return Html Version","Върни Html Версия"
"Return URL: ","Return URL: "
"Revenue","Приход"
"Reviews","Мнения"
"Reviews and Ratings","Мнения и оценки"
"Rewrite Rules","Правила за презаписване"
"Role ID","Роля ID"
"Role Info","Инфо за роля"
"Role Information","Информация за роля"
"Role Name","Име на роля"
"Role Resources","Ресурси за роля"
"Role Users","Потребители за роля"
"Roles","Роли"
"Roles Resources","Ресурси за роли"
"Rotate CCW","Завърти обратно на час. стрелка"
"Rotate CW","Завърти по час. стрелка"
"Run","Стартирай"
"Run Profile","Стартирай профил"
"Run Profile Inside This Window","Стартирай профил в този прозорец"
"Run Profile in Popup","Стартирай профил в нов прозорец"
"Running... Kill","Стартирано... Спри"
"SKU","Кат. №"
"SKU:","Кат. №:"
"SSL Error: Invalid or self-signed certificate","SSL грешка: Невалиден или само-подписан сертификат"
"Sales","Продажби"
"Sales Report","Справки продажби"
"Samples","Примери"
"Save","Запази"
"Save & Generate","Запиши & Генерирай"
"Save Account","Запиши профил"
"Save Cache Settings","Запиши настройки на кеш"
"Save Config","Запиши конфигурация"
"Save Currency Rates","Запиши валутни ставки"
"Save Profile","Запиши профил"
"Save Role","Запиши роля"
"Save Template","Запиши шаблон"
"Save User","Запиши потребител"
"Save and Continue Edit","Запиши и продължи с редакция"
"Search","Търсене"
"Search Index","Индекс на търсене"
"Search Term","Критерий на търсене"
"Search Terms","Критерии за търсене"
"Select","Избери"
"Select $0 Auth if your credit card processor supports $0 Auth capability and Reference Transactions, or if you are unsure what to select.  This setting provides the best experience for shoppers.","Select $0 Auth if your credit card processor supports $0 Auth capability and Reference Transactions, or if you are unsure what to select.  This setting provides the best experience for shoppers."
"Select $1 Auth if your credit card processor does not support $0 Auth, but does support Reference Transactions. This will provide a very good shopper experience, but might require you to pay a small additional authorization fee from your merchant account provider for any cart abandoned after payment details are entered.  If you select $0 Auth, but your credit card processor does not support $0 Auth, your transaction will run as a $1 Auth instead.","Select $1 Auth if your credit card processor does not support $0 Auth, but does support Reference Transactions. This will provide a very good shopper experience, but might require you to pay a small additional authorization fee from your merchant account provider for any cart abandoned after payment details are entered.  If you select $0 Auth, but your credit card processor does not support $0 Auth, your transaction will run as a $1 Auth instead."
"Select All","Select All"
"Select Category","Избери категория"
"Select Date","Изберете дата"
"Select Full Auth if you want to minimize your credit card processing fees, or if your credit card processor does not permit reference transactions.  Please note that in some cases, shoppers who abandon your cart late in the process may find that there is a payment authorization outstanding from your company, which will go away on its own in a few days/weeks. This authorization can be reversal by voiding it, however, there is no guarantee the card-issuing bank will accept this request.","Select Full Auth if you want to minimize your credit card processing fees, or if your credit card processor does not permit reference transactions.  Please note that in some cases, shoppers who abandon your cart late in the process may find that there is a payment authorization outstanding from your company, which will go away on its own in a few days/weeks. This authorization can be reversal by voiding it, however, there is no guarantee the card-issuing bank will accept this request."
"Select Range","Избери обхват"
"Select date","Избери дата"
"Selected allowed currency ""%s"" is not available in installed currencies.","Избраната позволена валута ""%s"" не е налична в инсталираните валути."
"Selected base currency is not available in installed currencies.","Избраната базова валута не е налична в инсталираните валути."
"Selected default display currency is not available in allowed currencies.","Избраната валута за показване по подразбиране не е налична в позволените валути."
"Selected default display currency is not available in installed currencies.","Избраната валута за показване по подразбиране не е налична в иснталираните валути."
"Self-assigned roles cannot be deleted.","Само-възложените роли не могат да бъдат изтрити."
"Sender","Подател"
"Separate Email","Отделен Имейл"
"Shipment #%s comment added","Коментар за доставка #%s е добавен"
"Shipment #%s created","Доставка #%s е създадена"
"Shipment Comments","Коментари по доставка"
"Shipment History","Хронология на доставки"
"Shipments","Доставки"
"Shipping","Доставка"
"Shipping Address","Адрес за доставка"
"Shipping Address: ","Shipping Address "
"Shipping Origin","Източник на изпращане"
"Shipping Price","Цена за изпращане"
"Shipping address selection is not applicable","Изборът на Адрес за доставка е невалиден"
"Shipping method must be specified.","Изборът на Начин на доставяне е невалиден"
"Shipping method selection is not applicable","Изборът на Начин на доставяне е невалиден"
"Shopping Cart","Количка"
"Shopping Cart Price Rules","Правила за цена в количка"
"Shopping Cart from %s","Пазарска количка от %s"
"Show By","Покажи по"
"Show Report For","Показване на справка за"
"Show Reviews","Покажи мнения"
"Show confirmation page: ","Show confirmation page: "
"Silent Post URL:","Silent Post URL:"
"Sitemap Information","Информациа за карта на сайта"
"Size for %s","Големина за %s"
"Skip Category Selection","Прескочи избор на категория"
"Some items in this order have different invoice and shipment types. You can create shipment only after the invoice is created.","Някои от продуктите в тази поръчка имат различни фактури и тип на доставка. Създаването на доставка е възможно само след създаването на фактурата."
"Some of the ordered items do not exist in the catalog anymore and will be removed if you try to edit the order.","Някои от продуктите в тази поръчка не съществуват вече в каталога и ще бъдат премахнати при опит за редакция на поръчката."
"Sorry, this feature is coming soon...","Съжаляваме, тази функционалност ще бъде налична скоро..."
"Special Price:","Промоционална цена:"
"Specific Countries","Specific Countries"
"Specified","Избрано"
"Specified profile does not exist.","Избрания профил не съществува."
"Spreadsheet Name:","Име на електронна таблица:"
"Start Date","Start Date"
"Starting profile execution, please wait...","Започване на изпълнение на профил, моля изчакайте..."
"State/Province:","Област/Щат:"
"Static Blocks","Статични блокове"
"Status","Статус"
"Status:","Статус:"
"Stock Quantity:","Стокова наличност:"
"Stock notification was saved.","Стоковото известие беше записано."
"Store","Магазин"
"Store Email Addresses Section","Секция Имейл адреси на магазин"
"Store View","Изглед"
"Store:","Магазин:"
"Stores","Магазини"
"Subject","Заглавие"
"Submit","Добави"
"Subpackage cannot be conflicting.","Под-пакет не може да е в конфликт."
"Subtotal","Междинна сума"
"Switch/Solo card issue number: %s","Switch/Solo карта номер: %s"
"Switch/Solo card start Date: %s/%s","Начална дата на Switch/Solo карта: %s/%s"
"Switch/Solo/Maestro Only","Switch/Solo/Maestro Only"
"Switch/Solo/Maestro(UK Domestic) Only","Само Switch/Solo/Maestro(UK Domestic)"
"Switch/Solo/Maestro(UK Domestic) card issue number: %s","Switch/Solo/Maestro(UK Domestic) карта номер: %s"
"Switch/Solo/Maestro(UK Domestic) card start Date: %s/%s","Начална дата на Switch/Solo/Maestro(UK Domestic) карта: %s/%s"
"Synchronization is required.","Synchronization is required."
"Synchronization of media storages has been successfully completed.","Synchronization of media storages has been successfully completed."
"Synchronize","Синхронизирай"
"Synchronizing %s to %s","Synchronizing %s to %s"
"Synchronizing...","Synchronizing..."
"System","Система"
"System Section","Секция Система"
"System busy","System busy"
"Tags","Ключови думи"
"Target Path","Път към цел"
"Tax","Данък"
"Tb","Tb"
"Template","Шаблон"
"Template Content","Съдържание на шаблона"
"Template Information","Информация за шаблон"
"Template Name","Име на шаблона"
"Template Styles","Шаблон стилове"
"Template Subject","Заглавие на шаблон"
"Template Type","Шаблон тип"
"Temporary (302)","Временно (302)"
"Terms and Conditions","Правила и условия"
"Text","Текст"
"The Catalog Rewrites were refreshed.","Каталог презаписванията бяха обновени."
"The CatalogInventory Stock Status has been rebuilt.","CatalogInventory стоков статус беше обновен."
"The Comment Text field cannot be empty.","Текстово поле за коментар не може да е празно."
"The Flat Catalog Product was rebuilt","Опростения продуктов каталог беше обновен"
"The JavaScript/CSS cache has been cleaned.","JavaScript/CSS кешът беше изчистен."
"The JavaScript/CSS cache has been cleared.","JavaScript/CSS кешът беше изтрит."
"The Layered Navigation indexing has been queued.","Беше добавена задача за индексиране на Филтър навигацията."
"The Layered Navigation indexing queue has been canceled.","Задачата за индексиране на Филтър навигацията беше отказана."
"The Layered Navigation indices were refreshed.","Индексите на филтър навигацията бяха обновени."
"The Layered Navigation process has been queued to be killed.","Беше добавена задача за прекратяване на процесът на филтър навигацията."
"The Magento cache storage has been flushed.","Кеш хранилището на Magento беше изчистено."
"The URL Rewrite has been deleted.","URL Презаписването беше изтрито."
"The URL Rewrite has been saved.","URL Презаписването беше записано."
"The account has been saved.","Профилът беше записан."
"The archive can be uncompressed with <a href=""%s"">%s</a> on Windows systems","Архивът може да бъде декомпресиран с <a href=""%s"">%s</a> на Windows системи"
"The attribute set has been removed.","Атрибут групата беше изтрита."
"The backup has been created.","Архивното копие беше създадено."
"The billing agreement has been canceled.","Споразумението за плащане беше отказано."
"The billing agreement has been deleted.","Споразумението за плащане беше изтрито."
"The cache storage has been flushed.","Кеш хранилището беше изчистено."
"The carrier needs to be specified.","Необходимо е да се определи куриер."
"The catalog index has been rebuilt.","Каталог индексът беше обновен."
"The catalog rewrites have been refreshed.","Каталог презаписванията бяха обновени."
"The configuration has been saved.","Конфигурацията беше записана."
"The credit memo has been canceled.","Кредитното известие беше отказано."
"The credit memo has been created.","Кредитното известие беше създадено."
"The credit memo has been voided.","Кредитното известие беше маркирано като невалидно."
"The custom variable has been deleted.","Потребителската променлива беше изтрита."
"The custom variable has been saved.","Потребителската променлива беше записана."
"The customer has been deleted.","Клиентът беше изтрит.""
"The customer has been saved.","Клиентът беше записан."
"The design change has been deleted.","Промяната в дизайна беше изтрита."
"The design change has been saved.","Промяната в дизайна беше записана."
"The email address is empty.","Имейл адресът е празен."
"The email template has been deleted.","Имейл шаблонът беше изтрит."
"The email template has been saved.","Имейл шаблонът беше записан."
"The flat catalog category has been rebuilt.","Опростената каталог категория беше обновени."
"The group node name must be specified with field node name.","Името на груповото разклонение трябва да е определено с име на разклонение на поле."
"The image cache was cleaned.","Кешът на картинките беше почистен."
"The image cache was cleared.","Кешът на картинките беше изтрит."
"The invoice and shipment have been created.","Фактурата и доставката бяха създадени."
"The invoice and the shipment  have been created. The shipping label cannot be created at the moment.","The invoice and the shipment  have been created. The shipping label cannot be created at the moment."
"The invoice has been canceled.","Фактурата беше отказана."
"The invoice has been captured.","Фактурата беше прихваната."
"The invoice has been created.","Фактурата беше създадена."
"The invoice has been voided.","Фактурата беше маркирана като невалидна."
"The invoice no longer exists.","The invoice no longer exists."
"The order does not allow creating an invoice.","Поръчката не позволява създаване на фактура."
"The order no longer exists.","Поръчката вече не съществува."
"The poll has been deleted.","Анкетата беше изтрита."
"The poll has been saved.","Анкетата беше записана."
"The profile has been deleted.","Профилът беше изтрит."
"The profile has been saved.","Профилът беше записан."
"The profile has been updated.","Профилът беше обновен."
"The profile has no changes.","Няма промени по профила."
"The profile you are trying to save no longer exists","The profile you are trying to save no longer exists"
"The rating has been deleted.","Гласуването беше изтрито."
"The rating has been saved.","Гласуването беше записано."
"The role has been deleted.","Ролята беше изтрита."
"The role has been saved.","Ролята беше записана."
"The role has been successfully saved.","The role has been successfully saved."
"The search index has been rebuilt.","Индексът за търсене беше успешно обновен."
"The shipment has been created.","Доставката беше създадена."
"The shipment has been created. The shipping label has been created.","The shipment has been created. The shipping label has been created."
"The shipment has been sent.","Доставката беше изпратена."
"The tag has been deleted.","Ключовата дума беше изтрита."
"The tag has been saved.","Ключовата дума беше записана."
"The user has been deleted.","Ключовата дума беше изтрита."
"The user has been saved.","Потребителят беше записан."
"Themes JavaScript and CSS files combined to one file.","JavaScript и CSS файловете от темата бяха комбинирани в един файл."
"There is an error in one of the option rows.","Намерена е грешка в един от редовете опции."
"This Account is","Този профил е"
"This Email template no longer exists.","Този имейл шаблон вече не съществува."
"This Role no longer exists","Тази роля вече не съществува"
"This Role no longer exists.","Тази роля вече не съществува."
"This account is","Този профил е"
"This account is inactive.","Този профил е неактивен."
"This attribute set does not have attributes which we can use for configurable product","Тази група атрибути не съдържа атрибути, които могат да бъда използвани за конфигуриран продукт"
"This attribute shares the same value in all the stores","Този атрибут споделя една и съща стойност във всички магазини"
"This is a demo store. Any orders placed through this store will not be honored or fulfilled.","Това е демонстрационен магазин. Всички поръчки направени през този магазин няма да бъдат разгледани или изпълнени."
"This is a required field.","Това поле е задължително."
"This product is currently disabled.","Продуктът е деактивиран към този момент."
"This report depends on timezone configuration. Once timezone is changed, the lifetime statistics need to be refreshed.","Тази справка е в пряка зависимост от конфигурацията на времевата зона. Необходимо е обновяване на статистиките, ако промените времевата зона."
"This section is not allowed.","Тази секция не е позволена."
"This user no longer exists.","Този потребител вече не съществува."
"Time","Време"
"Time selection:","Избор на време:"
"Time:","Време:"
"Timeout limit for response from synchronize process was reached.","Timeout limit for response from synchronize process was reached."
"To","До"
"To cancel pending authorizations and release amounts that have already been processed during this payment, click Cancel.","To cancel pending authorizations and release amounts that have already been processed during this payment, click Cancel."
"To use Payflow Link, you must configure your Payflow Link account on the Paypal website.","To use Payflow Link, you must configure your Payflow Link account on the Paypal website."
"Toggle Editor","Смяна на редактор"
"Tools","Инструменти"
"Top 5 Search Terms","Водещи 5 критерия за търсене"
"Total","Общо"
"Total Invoiced","Общо фактурирано"
"Total Order Amount","Сума по общо поръчки"
"Total Refunded","Общо върнато по сторно"
"Total of %d record(s) have been deleted.","Изтрити са общо %d запис(а)."
"Total of %d record(s) have been updated.","Обновени са общо %d запис(а)."
"Total of %d record(s) were canceled.","Total of %d record(s) were canceled."
"Total of %d record(s) were deleted.","Total of %d record(s) were deleted."
"Track Order","Проследяване на поръчка"
"Track this shipment","Проследяване на тази пратка"
"Tracking number %s for %s assigned","Проследяващ номер %s за %s е присъединен"
"Tracking number cannot be empty.","Проследяващият номер не може да е празен."
"Transaction Data","Данни за транзакция"
"Transaction Details","Информация за транзакция"
"Transaction ID","Транзакция ID"
"Transaction Type","Тип транзакция"
"Transactional Emails","Имейл на транзакция"
"Transactions","Транзакции"
"Try Magento Go for Free","Try Magento Go for Free"
"Type","Тип"
"Type:","Тип:"
"URL Rewrite","URL презаписване"
"URL Rewrite Information","Информация за URL презаписване"
"URL Rewrite Management","Управление URL презаписи"
"Unable to cancel the credit memo.","Невъзможно е отказването на кредитното известие."
"Unable to find a Email Template to delete.","Невъзможно е намирането на Имейл шаблон за изтриване."
"Unable to find a poll to delete.","Невъзможно е намирането на анкета за изтриване."
"Unable to find a tag to delete.","Невъзможно е намирането на ключова дума за изтриване."
"Unable to find a user to delete.","Невъзможно е намирането на потребител за изтриване."
"Unable to initialize import model","Невъзможно е инициализирането на модел за импорт"
"Unable to refresh lifetime statistics.","Невъзможно е обновяването на всички статистики."
"Unable to refresh recent statistics.","Невъзможно е обновяването на последни статистики."
"Unable to save the cron expression.","Невъзможно е записването на cron израза."
"Unable to save the invoice.","Невъзможно е записването на фактурата."
"Unable to send the invoice email.","Невъзможно е изпращането на имейл за фактурата."
"Unable to send the shipment email.","Невъзможно е изпращането на имейл за доставката.""
"Unable to void the credit memo.","Невъзможно е маркирането като невалидно на кредитното известие."
"Unknown","Неизвестно"
"Unlimited","Неограничено"
"Update","Обнови"
"Updated At","Обновено в"
"Upload File","Качи файл"
"Upload Files","Качи файлове"
"Upload HTTP Error","HTTP грешка при качване"
"Upload I/O Error","I/O грешка при качване"
"Upload Security Error","Грешка в сигурността при качване"
"Upload import file","Качи на файл за импорт"
"Use All Available Attributes","Използвай всички налични атрибути"
"Use Config Settings","Използвай Конфигурационни настройки"
"Use Default","Използвай по подразбиране"
"Use Default Value","Използвай стойност по подразбиране"
"Use Default Variable Values","Използвай стойности на променливата по подразбиране"
"Use Silent Post:","Use Silent Post:"
"Use Website","Използвай Уебсайт"
"Used Currently For","Използвано текущо за"
"Used as Default For","Използвано като подразбиращо за"
"User Email","Потребителски имейл"
"User ID","Потребител ID"
"User Info","Информация за потребител"
"User Information","Информация за потребител"
"User Name","Потребителско име"
"User Name is required field.","Потребителско име е задължително поле."
"User Name:","Потребителско име:"
"User Role","Роля на потребител"
"User Roles","Потребителски роли"
"User Roles Information","Информация за роли на потребители"
"User name","Потребителско име"
"Users","Потребители"
"Validation Results","Validation Results"
"Value","Стойност"
"Value Delimiter:","Разделител на стойности:"
"Variable","Променлива"
"Variable Code","Код на променлива"
"Variable HTML Value","HTML стойност на променлива"
"Variable ID","ID на променлива"
"Variable Name","Име на променлива"
"Variable Plain Value","Чиста стойност на променлива"
"View Actions XML","Преглед на XML действия"
"View Full Size","View Full Size"
"View Memo","Преглед на бележка"
"View Memo for #%s","Преглед на бележка за #%s"
"View Shipment","Преглед на доставка"
"View Statistics For","Преглед на статистика за"
"Visibility:","Видимост:"
"Warning! Empty value can cause problems with CSV format.","Внимание! Празна стойност може да създаде проблем в CSV формат."
"Warning!\r\nThis action will remove this user from already assigned role\r\nAre you sure?","Внимание!\r\nЩе премахнете потребител от вече назначена роля\r\nСигурен ли сте?"
"Warning!\r\nThis action will remove those users from already assigned roles\r\nAre you sure?","Внимание!\r\nЩе премахнете потребители от вече назначени роли\r\nСигурен ли сте?"
"Warning: Please do not close the window during importing/exporting data","Внимание: Моля не затваряйте този прозорец по време на импортиране/експортиране на данни"
"Watermark File for %s","Файл за воден знак %s"
"We appreciate our merchants\' feedback, please <a href=""#"" onclick=""surveyAction(\'yes\'); return false;"">take our survey</a> to provide insight on the features you would like included in Magento. <a href=""#"" onclick=""surveyAction(\'no\'); return false;"">Remove this notification</a>","Ние оценяваме мнението на нашите търговци, моля <a href="#" onclick="surveyAction(\'yes\'); return false;">вземете участие в нашето проучване</a> за да осигурите важна вътрешна информация за функционалностите, които бихте искали да бъдат включени в Magento. <a href="#" onclick="surveyAction(\'no\'); return false;">Премахни това известие</a>"
"We detected that your JavaScript seem to be disabled.","JavaScript на вашия браузър е изключен или забранен."
"We\'re in our typing table, coding away more features for Magento. Thank you for your patience.","Ние сме на работните си места, разработвайки много нови функционалности за Magento. Благодарим за вашето търпение."
"Web Section","Уеб секция"
"Web Services","Уеб услуги"
"Web services","Уеб услуги"
"Website","Уебсайт"
"What is this?","Какво е това?"
"When using Payflow Link in Magento, a payment authorization transaction must be performed after the shopper enters their credit card information on the Payment page of checkout.  If a full authorization is performed for the entire dollar amount of the transaction, then in some cases, the transaction amount might be reserved on the shopper\'s credit card for up to 30 days, even if they abandon their cart.  This is not an ideal customer experience.  Using this advanced setting in Magento, you can configure key details of this authorization.","When using Payflow Link in Magento, a payment authorization transaction must be performed after the shopper enters their credit card information on the Payment page of checkout.  If a full authorization is performed for the entire dollar amount of the transaction, then in some cases, the transaction amount might be reserved on the shopper\'s credit card for up to 30 days, even if they abandon their cart.  This is not an ideal customer experience.  Using this advanced setting in Magento, you can configure key details of this authorization."
"Wishlist Report","Справка списък желания"
"Wishlist item is not loaded.","Wishlist item is not loaded."
"Wrong account specified.","Wrong account specified."
"Wrong billing agreement ID specified.","Определен е грешен идентификатор споразумение за плащане."
"Wrong column format.","Грешен формат на колона."
"Wrong newsletter template.","Грешен шаблон за имейл списък."
"Wrong quote item.","Wrong quote item."
"Wrong tab configuration.","Грешна конфигурация в изглед от страница."
"Wrong tag was specified.","Определен е грешна ключова дума."
"Wrong transaction ID specified.","Определен е грешен идентификатор на транзакция."
"XML","XML"
"XML data is invalid.","XML data is invalid."
"XML object is not instance of ""Varien_Simplexml_Element"".","XML object is not instance of ""Varien_Simplexml_Element""."
"YTD","YTD"
"Year","Година"
"Yes","Да"
"Yes (301 Moved Permanently)","Yes (301 Moved Permanently)"
"Yes (302 Found)","Yes (302 Found)"
"Yes (only price with tax)","Да (само цена с данък)"
"You cannot delete your own account.","Не можете да изтриете вашия собствен профил."
"You have %s unread message(s).","You have %s unread message(s)."
"You have logged out.","Успешно излезнахте от системата."
"You have not enough permissions to use this functionality.","Нямате достатъчно права за използване на тази функционалност."
"You must have JavaScript enabled in your browser to utilize the functionality of this website.","Трябва да активирате JavaScript във Вашия браузър за да можете да използвате пълната функционалност на този уебсайт."
"You need to specify order items.","Необходимо е да укажете поръчки."
"Your answers contain duplicates.","Намерени са дуплицирани стойности във вашите отговори."
"Your password has been updated.","Вашата парола беше обновена"
"Your password reset link has expired.","Линка за промяна на вашата парола вече е невалиден"
"Your server PHP settings allow you to upload files not more than %s at a time. Please modify post_max_size (currently is %s) and upload_max_filesize (currently is %s) values in php.ini if you want to upload larger files.","Вашите PHP настройки не позволяват качване на файлове по-големи от %s. Моля, променете стойностите на post_max_size (в момента %s) и upload_max_filesize (в момента %s) в php.ini ако искате да качвате по-големи файлове."
"Your web server is configured incorrectly. As a result, configuration files with sensitive information are accessible from the outside. Please contact your hosting provider.","Your web server is configured incorrectly. As a result, configuration files with sensitive information are accessible from the outside. Please contact your hosting provider."
"Zip/Postal Code","Пощ. код"
"Zip/Postal Code:","Пощенски код:"
"[ deleted ]","[ изтрито ]"
"[GLOBAL]","[ГЛОБАЛНО]"
"[STORE VIEW]","[ИЗГЛЕД НА МАГАЗИН]"
"[WEBSITE]","[УЕБСАЙТ]"
"b","b"
"close","затвори"
"critical","критично"
"example: ""sitemap/"" or ""/"" for base path (path must be writeable)","пример: "sitemap/" или "/" за базов път (пътят трябва да е с права за писане)"
"example: sitemap.xml","пример: sitemap.xml"
"from","от"
"major","важно"
"minor","маловажно"
"notice","известие"
"store(%s) scope","обхват магазин(%s)"
"to","до"
"website(%s) scope","обхват уебсайт(%s)"
"{{base_url}} is not recommended to use in a production environment to declare the Base Unsecure URL / Base Secure URL. It is highly recommended to change this value in your Magento <a href=""%s"">configuration</a>.","{{base_url}} за деклариране на базово не-подсигурено URL / базово подсигурено URL не се препоръчва за употреба в сайт в реална експлоатация. Силно препоръчително е промяната на тази стойност от вашата Magento <a href=""%s"">конфигурация</a>."
